0:1	Page 1	2:2	Portfolio
0:1	Page 1	48:293	Frame
0:1	Page 1	54:299	Windows Control Center
0:1	Page 1	115:25072	Torob PLP
0:1	Page 1	115:26548	Movie Night Generator
0:1	Page 1	115:28024	Gadgetgrid
0:1	Page 1	115:29500	Axemoon
0:1	Page 1	115:30976	Capital Fruit
0:1	Page 1	115:32452	Aura Design
0:1	Page 1	103:11118	Torob-PLP-Redesign
0:1	Page 1	103:11132	Movie-night-generator
0:1	Page 1	103:11140	Windows-Control-Center-Concept
0:1	Page 1	110:15755	Gadget-grid
0:1	Page 1	110:16672	Axemoon
0:1	Page 1	110:17418	Capital-Fruit
0:1	Page 1	110:20123	Aura
0:1	Page 1	151:16990	f7:photo
0:1	Page 1	157:5135	Slice
161:5191	Page 2	161:14106	Portfolio
161:5191	Page 2	161:14376	Windows-Control-Center-Concept
161:5191	Page 2	161:15434	Torob-PLP-Redesign
161:5191	Page 2	161:16181	Movie-night-generator
161:5191	Page 2	161:16576	Gadgetgrid
161:5191	Page 2	161:17503	Axemoon
161:5191	Page 2	161:17994	Capital Fruit
161:5191	Page 2	161:20089	Aura Design
161:5191	Page 2	161:20344	f7:photo
161:5191	Page 2	161:20346	Slice
